timestamp,latitude,longitude,altitude,status,service
1748023024.047295,47.80751516666667,-52.786234666666665,47.2,2,1
1748023024.244109,47.80751516666667,-52.786234666666665,47.2,2,1
1748023024.448557,47.80751516666667,-52.786234666666665,47.2,2,1
1748023024.6641352,47.80751516666667,-52.786234666666665,47.2,2,1
1748023024.8538747,47.80751516666667,-52.786234666666665,47.2,2,1
1748023025.049507,47.80751516666667,-52.786234666666665,47.2,2,1
1748023025.2449746,47.80751516666667,-52.786234666666665,47.2,2,1
1748023025.4459534,47.80751516666667,-52.786234666666665,47.2,2,1
1748023025.6512718,47.80751516666667,-52.786234666666665,47.2,2,1
1748023025.8502378,47.80751516666667,-52.786234666666665,47.2,2,1
1748023026.0396886,47.80751516666667,-52.786234666666665,47.2,2,1
1748023026.2467363,47.80751516666667,-52.786234666666665,47.2,2,1
1748023026.4479775,47.80751516666667,-52.786234666666665,47.2,2,1
1748023026.662351,47.80751516666667,-52.786234666666665,47.2,2,1
1748023026.8527117,47.80751516666667,-52.786234666666665,47.2,2,1
1748023027.048911,47.80751516666667,-52.786234666666665,47.2,2,1
1748023027.2461097,47.80751516666667,-52.786234666666665,47.2,2,1
1748023027.446563,47.80751516666667,-52.786234666666665,47.2,2,1
1748023027.6499262,47.80751516666667,-52.786234666666665,47.2,2,1
1748023027.8457355,47.80751516666667,-52.786234666666665,47.2,2,1
1748023028.0470614,47.80751516666667,-52.786234666666665,47.2,2,1
1748023028.247508,47.80751516666667,-52.786234666666665,47.2,2,1
1748023028.4454808,47.80751516666667,-52.786234666666665,47.2,2,1
1748023028.6645474,47.80751516666667,-52.786234666666665,47.2,2,1
1748023028.8584177,47.80751516666667,-52.786234666666665,47.2,2,1
1748023029.0447707,47.80751516666667,-52.786234666666665,47.2,2,1
1748023029.2472844,47.80751516666667,-52.786234666666665,47.2,2,1
1748023029.4483473,47.80751516666667,-52.786234666666665,47.2,2,1
1748023029.6458075,47.80751516666667,-52.786234666666665,47.2,2,1
1748023029.849517,47.80751516666667,-52.786234666666665,47.2,2,1
1748023030.0455818,47.80751516666667,-52.786234666666665,47.2,2,1
1748023030.244686,47.80751516666667,-52.786234666666665,47.2,2,1
1748023030.445023,47.80751516666667,-52.786234666666665,47.2,2,1
1748023030.6628568,47.80751516666667,-52.786234666666665,47.2,2,1
1748023030.8533003,47.80751516666667,-52.786234666666665,47.2,2,1
1748023031.0442085,47.80751516666667,-52.786234666666665,47.2,2,1
1748023031.2450924,47.80751516666667,-52.786234666666665,47.2,2,1
1748023031.4414594,47.80751516666667,-52.786234666666665,47.2,2,1
1748023031.6511016,47.80751516666667,-52.786234666666665,47.2,2,1
1748023031.8532023,47.80751516666667,-52.786234666666665,47.2,2,1
1748023032.045563,47.80751516666667,-52.786234666666665,47.2,2,1
1748023032.2471209,47.80751516666667,-52.786234666666665,47.2,2,1
1748023032.4481885,47.80751516666667,-52.786234666666665,47.2,2,1
1748023032.6632097,47.80751516666667,-52.786234666666665,47.2,2,1
1748023032.8562622,47.80751516666667,-52.786234666666665,47.2,2,1
1748023033.0493064,47.80751516666667,-52.786234666666665,47.2,2,1
1748023033.2381349,47.807515333333335,-52.78623483333333,47.2,2,1
1748023033.451089,47.807515333333335,-52.786235166666664,47.2,2,1
1748023033.65899,47.80751566666667,-52.78623566666667,47.3,2,1
1748023033.8509808,47.807516,-52.786236,47.5,2,1
1748023034.049406,47.807516666666665,-52.78623666666667,47.7,2,1
1748023034.2473922,47.80751733333334,-52.786237,47.8,2,1
1748023034.4452114,47.807518333333334,-52.786237166666666,47.900000000000006,2,1
1748023034.6653001,47.8075195,-52.78623733333333,47.900000000000006,2,1
1748023034.8592162,47.807520833333335,-52.786237166666666,48.0,2,1
1748023035.0426106,47.8075225,-52.786236833333334,48.0,2,1
1748023035.253855,47.80752433333333,-52.786236333333335,48.099999999999994,2,1
1748023035.4530573,47.80752616666667,-52.78623566666667,48.099999999999994,2,1
1748023035.6518407,47.807528166666664,-52.786235,48.2,2,1
1748023035.8566554,47.80753033333333,-52.78623433333333,48.2,2,1
1748023036.0511441,47.80753216666667,-52.78623366666667,48.2,2,1
1748023036.2474465,47.80753416666667,-52.78623316666667,48.3,2,1
1748023036.4623911,47.807536166666665,-52.78623266666666,48.5,2,1
1748023036.665086,47.80753816666667,-52.78623233333333,48.599999999999994,2,1
1748023036.8464375,47.80754,-52.786232,48.8,2,1
1748023037.0488176,47.807541666666665,-52.7862315,48.900000000000006,2,1
1748023037.2482579,47.807543333333335,-52.786231,49.0,2,1
1748023037.4492183,47.80754483333333,-52.786230333333336,49.0,2,1
1748023037.6622386,47.80754616666667,-52.7862295,49.099999999999994,2,1
1748023037.8550124,47.8075475,-52.7862285,49.2,2,1
1748023038.0461173,47.80754866666667,-52.786227333333336,49.2,2,1
1748023038.2470043,47.80754983333333,-52.786226166666665,49.3,2,1
1748023038.4527168,47.807551,-52.786225,49.3,2,1
1748023038.6542046,47.807552,-52.786223666666665,49.400000000000006,2,1
1748023038.8549852,47.80755283333333,-52.786222333333335,49.400000000000006,2,1
1748023039.0482051,47.8075535,-52.786220666666665,49.5,2,1
1748023039.247295,47.807554,-52.7862185,49.5,2,1
1748023039.449411,47.807554333333336,-52.786216333333336,49.400000000000006,2,1
1748023039.652285,47.8075545,-52.786213833333335,49.400000000000006,2,1
1748023039.8517246,47.8075545,-52.78621116666667,49.400000000000006,2,1
1748023040.0483813,47.807554333333336,-52.7862085,49.400000000000006,2,1
1748023040.2503774,47.80755416666667,-52.78620566666667,49.400000000000006,2,1
1748023040.4429984,47.80755383333333,-52.78620316666667,49.5,2,1
1748023040.6630504,47.8075535,-52.78620083333333,49.5,2,1
1748023040.854265,47.807553,-52.7861985,49.5,2,1
1748023041.0523722,47.807552666666666,-52.7861965,49.599999999999994,2,1
1748023041.2566838,47.80755216666667,-52.7861945,49.599999999999994,2,1
1748023041.44984,47.807551833333335,-52.78619283333333,49.599999999999994,2,1
1748023041.6533103,47.807551333333336,-52.786191333333335,49.599999999999994,2,1
1748023041.8573775,47.807551,-52.78619,49.599999999999994,2,1
1748023042.0521095,47.807550666666664,-52.786188833333334,49.599999999999994,2,1
1748023042.2417176,47.80755033333333,-52.786188,49.599999999999994,2,1
1748023042.448792,47.80755,-52.78618733333333,49.599999999999994,2,1
1748023042.664735,47.80754983333333,-52.78618683333333,49.599999999999994,2,1
1748023042.8528864,47.80754966666667,-52.7861865,49.599999999999994,2,1
1748023043.0513432,47.8075495,-52.78618633333333,49.7,2,1
1748023043.2466042,47.8075495,-52.78618616666667,49.8,2,1
1748023043.4508858,47.807549333333334,-52.78618633333333,49.900000000000006,2,1
1748023043.6546562,47.807549333333334,-52.78618633333333,50.0,2,1
1748023043.8634171,47.8075495,-52.786186666666666,50.2,2,1
1748023044.0420597,47.8075495,-52.78618683333333,50.3,2,1
1748023044.2487633,47.8075495,-52.786187,50.5,2,1
1748023044.446975,47.80754966666667,-52.786187166666664,50.7,2,1
1748023044.6655715,47.80754966666667,-52.7861875,50.8,2,1
1748023044.8550858,47.80754983333333,-52.78618783333334,51.0,2,1
1748023045.0508463,47.80755,-52.78618816666667,51.2,2,1
1748023045.2479844,47.80755,-52.7861885,51.400000000000006,2,1
1748023045.4564795,47.807550166666665,-52.786189,51.599999999999994,2,1
1748023045.665166,47.807550166666665,-52.7861895,51.8,2,1
1748023045.8497694,47.80755033333333,-52.78619,52.0,2,1
1748023046.0498989,47.80755033333333,-52.78619066666667,52.099999999999994,2,1
1748023046.25374,47.8075505,-52.78619116666667,52.3,2,1
1748023046.4489536,47.807550666666664,-52.78619183333333,52.5,2,1
1748023046.6722357,47.807551,-52.786192166666666,52.7,2,1
1748023046.8688202,47.807551333333336,-52.786192666666665,52.8,2,1
1748023047.0473504,47.80755166666667,-52.786193,53.0,2,1
1748023047.2478368,47.80755216666667,-52.78619316666666,53.099999999999994,2,1
1748023047.4479647,47.807552666666666,-52.78619333333333,53.099999999999994,2,1
1748023047.667042,47.80755333333333,-52.78619333333333,53.099999999999994,2,1
1748023047.856325,47.80755383333333,-52.78619316666666,53.099999999999994,2,1
1748023048.0569246,47.8075545,-52.786193,53.099999999999994,2,1
1748023048.2577815,47.80755516666667,-52.78619283333333,53.099999999999994,2,1
1748023048.452687,47.80755583333333,-52.78619283333333,53.099999999999994,2,1
1748023048.6708663,47.80755666666667,-52.786192666666665,53.099999999999994,2,1
1748023048.8557906,47.8075575,-52.7861925,53.2,2,1
1748023049.053045,47.80755833333333,-52.78619233333333,53.2,2,1
1748023049.250786,47.80755933333333,-52.786192166666666,53.3,2,1
1748023049.447116,47.8075605,-52.78619183333333,53.3,2,1
1748023049.6537097,47.807561666666665,-52.786191333333335,53.3,2,1
1748023049.8549933,47.807562833333336,-52.786191,53.400000000000006,2,1
1748023050.0498097,47.807564,-52.78619066666667,53.400000000000006,2,1
1748023050.2488096,47.8075655,-52.78619033333333,53.400000000000006,2,1
1748023050.4515352,47.80756683333333,-52.78618983333333,53.5,2,1
1748023050.6626723,47.8075685,-52.7861895,53.5,2,1
1748023050.852805,47.807570166666665,-52.78618933333333,53.599999999999994,2,1
1748023051.0584517,47.807571833333334,-52.78618916666667,53.599999999999994,2,1
1748023051.242645,47.80757366666667,-52.786188833333334,53.7,2,1
1748023051.4481175,47.807575666666665,-52.786188833333334,53.8,2,1
1748023051.653232,47.80757766666667,-52.786188833333334,53.8,2,1
1748023051.852668,47.80757966666667,-52.786188833333334,53.900000000000006,2,1
1748023052.050792,47.80758183333333,-52.786188833333334,53.900000000000006,2,1
1748023052.2484043,47.80758383333333,-52.786189,53.900000000000006,2,1
1748023052.4476867,47.807586,-52.786189,53.900000000000006,2,1
1748023052.6667275,47.80758816666667,-52.786188833333334,53.900000000000006,2,1
1748023052.8710375,47.80759033333333,-52.78618866666667,53.900000000000006,2,1
1748023053.0448847,47.8075925,-52.7861885,53.900000000000006,2,1
1748023053.2593448,47.80759466666667,-52.7861885,53.900000000000006,2,1
1748023053.4501708,47.80759666666667,-52.7861885,54.0,2,1
1748023053.6514797,47.80759883333333,-52.7861885,54.0,2,1
1748023053.8571286,47.80760083333333,-52.786188333333335,54.0,2,1
1748023054.050453,47.807602833333334,-52.786188,54.0,2,1
1748023054.254636,47.807604833333336,-52.78618766666666,54.0,2,1
1748023054.449149,47.807606666666665,-52.786187166666664,54.0,2,1
1748023054.6670842,47.8076085,-52.786186666666666,54.0,2,1
1748023054.8532162,47.807610333333336,-52.786185833333334,54.0,2,1
1748023055.053265,47.807612166666665,-52.78618483333333,54.0,2,1
1748023055.2477095,47.807614,-52.786184,54.0,2,1
1748023055.447492,47.80761583333334,-52.786183,54.0,2,1
1748023055.6530335,47.80761783333333,-52.78618216666667,54.0,2,1
1748023055.8531206,47.807619833333334,-52.786181166666665,54.0,2,1
1748023056.049096,47.807621833333336,-52.786180333333334,54.0,2,1
1748023056.2560306,47.80762383333333,-52.7861795,54.0,2,1
1748023056.4563541,47.80762566666667,-52.78617883333333,54.0,2,1
1748023056.6580756,47.80762766666667,-52.786178166666666,54.0,2,1
1748023056.859734,47.807629666666664,-52.78617783333333,54.0,2,1
1748023057.048662,47.8076315,-52.78617766666667,53.900000000000006,2,1
1748023057.2655935,47.80763316666667,-52.78617783333333,53.900000000000006,2,1
1748023057.4491866,47.807635,-52.786178,53.900000000000006,2,1
1748023057.6554632,47.80763666666667,-52.7861785,54.0,2,1
1748023057.8559847,47.80763816666666,-52.78617916666666,54.0,2,1
1748023058.0538695,47.80763966666667,-52.78618,54.0,2,1
1748023058.2504609,47.80764116666667,-52.786181,54.0,2,1
1748023058.4499674,47.8076425,-52.786182,54.0,2,1
1748023058.6687393,47.807643666666664,-52.78618316666667,54.0,2,1
1748023058.8624456,47.807644833333335,-52.78618433333333,54.0,2,1
1748023059.0565233,47.80764583333333,-52.7861855,54.0,2,1
1748023059.2522278,47.80764683333334,-52.78618683333333,54.0,2,1
1748023059.4533787,47.80764766666667,-52.786188333333335,54.0,2,1
1748023059.6530836,47.80764833333333,-52.78618983333333,54.0,2,1
1748023059.8563976,47.807649166666664,-52.786191333333335,54.0,2,1
1748023060.056653,47.807649833333336,-52.786193,54.0,2,1
1748023060.2455502,47.8076505,-52.78619466666667,54.0,2,1
1748023060.4513378,47.807651,-52.786196333333336,54.0,2,1
1748023060.666414,47.807651666666665,-52.786198,54.0,2,1
1748023060.8585036,47.807652166666664,-52.78619966666667,53.900000000000006,2,1
1748023061.0490732,47.80765266666667,-52.78620133333333,53.900000000000006,2,1
1748023061.2488155,47.807653,-52.78620266666667,53.900000000000006,2,1
1748023061.4511645,47.8076535,-52.7862035,53.900000000000006,2,1
1748023061.6541162,47.807654166666666,-52.786204,53.900000000000006,2,1
1748023061.852853,47.80765483333333,-52.786204,53.900000000000006,2,1
1748023062.0424328,47.8076555,-52.78620333333333,53.900000000000006,2,1
1748023062.248878,47.807656333333334,-52.7862025,53.900000000000006,2,1
1748023062.4508348,47.80765733333333,-52.78620133333333,53.900000000000006,2,1
1748023062.6683505,47.807658333333336,-52.7862,53.900000000000006,2,1
1748023062.8547256,47.8076595,-52.786198666666664,53.900000000000006,2,1
1748023063.0475833,47.8076605,-52.7861975,53.900000000000006,2,1
1748023063.247267,47.80766166666667,-52.786196333333336,53.900000000000006,2,1
1748023063.4550323,47.807663,-52.786195166666666,53.900000000000006,2,1
1748023063.6554675,47.80766416666667,-52.786194333333334,53.8,2,1
1748023063.8468323,47.8076655,-52.78619366666667,53.8,2,1
1748023064.0498233,47.80766666666667,-52.786193,53.8,2,1
1748023064.252617,47.807668,-52.786192666666665,53.8,2,1
1748023064.4498832,47.80766916666666,-52.78619233333333,53.8,2,1
1748023064.6660984,47.807670333333334,-52.786192166666666,53.8,2,1
1748023064.8591971,47.807671666666664,-52.786192,53.8,2,1
1748023065.048724,47.807672833333335,-52.786192,53.8,2,1
1748023065.2479553,47.807674166666665,-52.786192166666666,53.8,2,1
1748023065.4552863,47.807675333333336,-52.78619233333333,53.8,2,1
1748023065.6457167,47.807676666666666,-52.786192666666665,53.900000000000006,2,1
1748023065.8563979,47.80767783333334,-52.78619316666666,53.900000000000006,2,1
1748023066.0492194,47.80767916666667,-52.78619366666667,53.900000000000006,2,1
1748023066.2473,47.807680500000004,-52.78619416666667,54.0,2,1
1748023066.4485335,47.80768183333333,-52.78619483333333,54.0,2,1
1748023066.6639357,47.80768316666666,-52.7861955,54.0,2,1
1748023066.852247,47.8076845,-52.786196333333336,54.099999999999994,2,1
1748023067.0483944,47.80768583333333,-52.786197333333334,54.099999999999994,2,1
1748023067.2469623,47.807687333333334,-52.786198166666665,54.2,2,1
1748023067.4417567,47.807688666666664,-52.786199333333336,54.3,2,1
1748023067.653701,47.80769016666667,-52.78620033333333,54.3,2,1
1748023067.854019,47.8076915,-52.7862015,54.400000000000006,2,1
1748023068.0538285,47.80769316666667,-52.78620266666667,54.5,2,1
1748023068.2474134,47.80769466666667,-52.78620383333333,54.599999999999994,2,1
1748023068.4583766,47.80769633333333,-52.78620516666667,54.599999999999994,2,1
1748023068.6722713,47.807698,-52.7862065,54.7,2,1
1748023068.8581083,47.807699666666664,-52.786208,54.8,2,1
1748023069.0512762,47.807701333333334,-52.7862095,54.900000000000006,2,1
1748023069.2486556,47.80770316666667,-52.78621116666667,54.900000000000006,2,1
1748023069.4491012,47.807705,-52.78621283333333,55.0,2,1
1748023069.659149,47.807706833333334,-52.7862145,55.099999999999994,2,1
1748023069.8570623,47.8077085,-52.786216333333336,55.099999999999994,2,1
1748023070.0526786,47.80771033333333,-52.786218166666664,55.2,2,1
1748023070.248509,47.80771216666667,-52.786220166666666,55.3,2,1
1748023070.4555178,47.80771383333333,-52.78622216666667,55.400000000000006,2,1
1748023070.669522,47.8077155,-52.78622416666666,55.5,2,1
1748023070.8549063,47.807717,-52.786226166666665,55.599999999999994,2,1
1748023071.044504,47.8077185,-52.78622816666667,55.599999999999994,2,1
1748023071.2493482,47.80772,-52.78623016666667,55.7,2,1
1748023071.452205,47.80772133333333,-52.78623233333333,55.8,2,1
1748023071.657143,47.80772266666666,-52.78623433333333,55.900000000000006,2,1
1748023071.8572245,47.807724,-52.7862365,56.0,2,1
1748023072.0594234,47.807725166666664,-52.78623866666667,56.0,2,1
1748023072.25699,47.807726333333335,-52.786240666666664,56.099999999999994,2,1
1748023072.4593675,47.807727666666665,-52.78624283333333,56.2,2,1
1748023072.6650407,47.80772866666667,-52.786245,56.2,2,1
1748023072.858097,47.80772983333333,-52.78624716666667,56.3,2,1
1748023073.0507483,47.807731,-52.78624933333333,56.3,2,1
1748023073.2498055,47.807732,-52.7862515,56.400000000000006,2,1
1748023073.4593973,47.807733,-52.78625366666667,56.5,2,1
1748023073.653419,47.80773383333333,-52.786255833333335,56.5,2,1
1748023073.8565807,47.807734833333335,-52.786258,56.5,2,1
1748023074.0525262,47.80773583333333,-52.786260166666665,56.599999999999994,2,1
1748023074.251736,47.80773666666666,-52.78626216666667,56.599999999999994,2,1
1748023074.4477224,47.8077375,-52.78626416666667,56.599999999999994,2,1
1748023074.6549911,47.80773833333333,-52.78626633333333,56.599999999999994,2,1
1748023074.8516135,47.807739,-52.78626833333333,56.599999999999994,2,1
1748023075.0613008,47.80773966666667,-52.78627016666667,56.599999999999994,2,1
1748023075.24637,47.807740333333335,-52.78627216666667,56.599999999999994,2,1
1748023075.4473972,47.807741166666666,-52.786274,56.599999999999994,2,1
1748023075.6546412,47.80774183333333,-52.78627566666667,56.599999999999994,2,1
1748023075.8521242,47.8077425,-52.786277166666665,56.599999999999994,2,1
1748023076.0520651,47.807743333333335,-52.7862785,56.599999999999994,2,1
1748023076.2520585,47.807744166666666,-52.786279666666665,56.599999999999994,2,1
1748023076.4435215,47.807745,-52.786280833333336,56.5,2,1
1748023076.6667306,47.807745833333335,-52.786281833333334,56.5,2,1
1748023076.8537426,47.80774683333333,-52.786282666666665,56.5,2,1
1748023077.0529516,47.80774783333333,-52.7862835,56.5,2,1
1748023077.2549694,47.807748833333335,-52.786284333333334,56.5,2,1
1748023077.4482903,47.80775,-52.786285,56.599999999999994,2,1
1748023077.6551976,47.807751333333336,-52.786285666666664,56.599999999999994,2,1
1748023077.8595228,47.807752666666666,-52.78628616666666,56.599999999999994,2,1
1748023078.057485,47.807754,-52.78628666666667,56.599999999999994,2,1
1748023078.2440407,47.8077555,-52.78628716666667,56.7,2,1
1748023078.45669,47.807757,-52.7862875,56.7,2,1
1748023078.6669712,47.8077585,-52.78628783333333,56.8,2,1
1748023078.8547301,47.80776,-52.78628833333333,56.900000000000006,2,1
1748023079.0492222,47.807761666666664,-52.786288666666664,57.0,2,1
1748023079.2546208,47.807763333333334,-52.78628883333333,57.0,2,1
1748023079.4545665,47.80776516666667,-52.78628916666667,57.099999999999994,2,1
1748023079.6595302,47.807767,-52.7862895,57.2,2,1
1748023079.8531773,47.807768833333334,-52.78628966666667,57.3,2,1
1748023080.0478668,47.80777066666667,-52.78629,57.3,2,1
1748023080.2785182,47.8077725,-52.78629033333333,57.400000000000006,2,1
1748023080.4648638,47.807774333333334,-52.786290666666666,57.5,2,1
1748023080.6643312,47.80777633333334,-52.786291,57.5,2,1
1748023080.8675501,47.807778166666665,-52.78629133333333,57.599999999999994,2,1
1748023081.0698435,47.80778016666667,-52.78629183333334,57.7,2,1
1748023081.2631364,47.80778216666667,-52.786292333333336,57.7,2,1
1748023081.4503856,47.807784166666664,-52.786292833333334,57.8,2,1
1748023081.6661568,47.807786166666666,-52.78629333333333,57.8,2,1
1748023081.8476055,47.80778816666667,-52.786294,57.8,2,1
1748023082.049071,47.80779016666666,-52.78629466666667,57.8,2,1
1748023082.2492504,47.807792166666665,-52.7862955,57.900000000000006,2,1
1748023082.4479237,47.807794,-52.786296166666666,57.900000000000006,2,1
1748023082.6778011,47.8077955,-52.786297,57.900000000000006,2,1
1748023082.8557377,47.807797,-52.786297833333336,57.900000000000006,2,1
1748023083.0565805,47.807798166666664,-52.7862985,57.900000000000006,2,1
1748023083.2502985,47.807799,-52.786299166666666,57.900000000000006,2,1
1748023083.448773,47.807799833333334,-52.78629983333333,57.900000000000006,2,1
1748023083.64794,47.80780033333333,-52.7863005,57.900000000000006,2,1
1748023083.8661916,47.807800666666665,-52.78630116666667,57.900000000000006,2,1
1748023084.0482464,47.80780083333333,-52.78630183333333,57.900000000000006,2,1
1748023084.2487988,47.807800666666665,-52.78630233333333,57.900000000000006,2,1
1748023084.460302,47.8078005,-52.786303,57.900000000000006,2,1
1748023084.6846466,47.80780016666667,-52.786303333333336,57.900000000000006,2,1
1748023084.8658695,47.807799833333334,-52.78630366666667,57.8,2,1
1748023085.05812,47.80779916666667,-52.786304,57.8,2,1
1748023085.2491393,47.80779866666666,-52.786304,57.8,2,1
1748023085.4440486,47.807798,-52.786304,57.8,2,1
1748023085.6603065,47.80779733333333,-52.786304,57.8,2,1
1748023085.856999,47.8077965,-52.786303833333335,57.8,2,1
1748023086.0475352,47.80779583333333,-52.7863035,57.8,2,1
1748023086.2491453,47.807795166666665,-52.78630316666667,57.8,2,1
1748023086.4497519,47.807794333333334,-52.786303,57.8,2,1
1748023086.682733,47.80779366666667,-52.7863025,57.8,2,1
1748023086.859498,47.80779283333333,-52.786302166666665,57.8,2,1
1748023087.0496228,47.807792,-52.78630183333333,57.8,2,1
1748023087.2401083,47.807791,-52.7863015,57.8,2,1
1748023087.457277,47.80779016666666,-52.78630116666667,57.8,2,1
1748023087.7081554,47.80778933333333,-52.786300833333335,57.8,2,1
1748023087.8558102,47.80778866666667,-52.7863005,57.8,2,1
1748023088.0534348,47.807787833333336,-52.78630033333334,57.8,2,1
1748023088.2548387,47.807787166666664,-52.7863,57.8,2,1
1748023088.448682,47.80778633333333,-52.786299666666665,57.8,2,1
1748023088.681097,47.80778566666667,-52.7862995,57.8,2,1
1748023088.858774,47.807785,-52.78629933333333,57.8,2,1
1748023089.0406895,47.8077845,-52.786299166666666,57.8,2,1
1748023089.248936,47.807784,-52.786299166666666,57.8,2,1
1748023089.4515738,47.807783666666666,-52.786299166666666,57.8,2,1
1748023089.6548457,47.8077835,-52.78629933333333,57.8,2,1
1748023089.8627577,47.80778333333333,-52.786299666666665,57.8,2,1
1748023090.0563953,47.8077835,-52.7863,57.8,2,1
1748023090.2477498,47.807783666666666,-52.7863005,57.8,2,1
1748023090.448752,47.807784166666664,-52.786301333333334,57.8,2,1
1748023090.678407,47.80778466666667,-52.786302166666665,57.8,2,1
1748023090.8546011,47.8077855,-52.786303333333336,57.8,2,1
1748023091.0553713,47.80778633333333,-52.7863045,57.8,2,1
1748023091.2499254,47.80778733333333,-52.78630583333333,57.8,2,1
1748023091.4505644,47.8077885,-52.78630733333333,57.8,2,1
1748023091.6570535,47.80778983333333,-52.78630916666667,57.8,2,1
1748023091.8551695,47.807791,-52.78631083333333,57.8,2,1
1748023092.0537832,47.8077925,-52.786312833333334,57.8,2,1
1748023092.2486439,47.807794,-52.78631466666667,57.8,2,1
1748023092.4521477,47.807795666666664,-52.786316666666664,57.8,2,1
1748023092.6789615,47.80779733333333,-52.786318666666666,57.7,2,1
1748023092.8592033,47.807799,-52.78632066666667,57.7,2,1
1748023093.0490003,47.80780083333333,-52.78632283333334,57.7,2,1
1748023093.2494738,47.80780266666667,-52.786325,57.7,2,1
1748023093.4510567,47.80780466666667,-52.786327166666666,57.7,2,1
1748023093.6528769,47.807806666666664,-52.786329333333335,57.7,2,1
1748023093.8563037,47.807808666666666,-52.7863315,57.8,2,1
1748023094.0508988,47.807810833333335,-52.786333666666664,57.8,2,1
1748023094.2506063,47.80781283333334,-52.78633583333333,57.900000000000006,2,1
1748023094.4493606,47.80781483333333,-52.786337833333334,58.0,2,1
1748023094.6806507,47.807817,-52.78634,58.0,2,1
1748023094.8552606,47.807819,-52.78634183333333,58.099999999999994,2,1
1748023095.0497108,47.807821,-52.78634366666667,58.099999999999994,2,1
1748023095.2587898,47.807823,-52.78634533333334,58.2,2,1
1748023095.449619,47.807824833333335,-52.786347,58.3,2,1
1748023095.6603527,47.807826666666664,-52.78634866666667,58.3,2,1
1748023095.8685546,47.8078285,-52.78635,58.400000000000006,2,1
1748023096.0483322,47.80783016666667,-52.786351333333336,58.5,2,1
1748023096.2393386,47.80783183333333,-52.786352666666666,58.5,2,1
1748023096.449537,47.8078335,-52.78635383333334,58.599999999999994,2,1
1748023096.6813402,47.80783516666666,-52.786355,58.7,2,1
1748023096.8701472,47.80783683333333,-52.786356,58.8,2,1
1748023097.0492368,47.807838333333336,-52.786357,58.8,2,1
1748023097.2476857,47.80784,-52.786358,58.900000000000006,2,1
1748023097.4457228,47.8078415,-52.786359,59.0,2,1
1748023097.6492367,47.807843,-52.786359833333336,59.0,2,1
1748023097.8546906,47.8078445,-52.7863605,59.099999999999994,2,1
1748023098.0417619,47.807846,-52.78636133333333,59.099999999999994,2,1
1748023098.2493825,47.8078475,-52.786362,59.099999999999994,2,1
1748023098.4500084,47.807849,-52.7863625,59.2,2,1
1748023098.6902223,47.807850333333334,-52.786363,59.2,2,1
1748023098.8527756,47.80785183333333,-52.7863635,59.3,2,1
1748023099.048677,47.80785316666667,-52.78636383333333,59.3,2,1
1748023099.2446043,47.807854666666664,-52.786364166666665,59.3,2,1
1748023099.447171,47.807856,-52.78636433333333,59.3,2,1
1748023099.654149,47.8078575,-52.7863645,59.3,2,1
1748023099.8461347,47.807859,-52.786364666666664,59.400000000000006,2,1
1748023100.0475173,47.80786033333333,-52.786364666666664,59.400000000000006,2,1
1748023100.2492816,47.807861833333334,-52.786364666666664,59.400000000000006,2,1
1748023100.4493475,47.807863166666664,-52.786364666666664,59.400000000000006,2,1
1748023100.6812458,47.8078645,-52.786364666666664,59.400000000000006,2,1
1748023100.8549404,47.80786583333333,-52.786364666666664,59.400000000000006,2,1
1748023101.051556,47.80786716666667,-52.786364666666664,59.5,2,1
1748023101.2497773,47.807868666666664,-52.7863645,59.5,2,1
1748023101.4521432,47.80787,-52.7863645,59.5,2,1
1748023101.645357,47.80787133333333,-52.7863645,59.5,2,1
1748023101.8559704,47.807872833333334,-52.78636433333333,59.5,2,1
1748023102.0571887,47.80787433333333,-52.786364166666665,59.599999999999994,2,1
1748023102.2567127,47.807875833333334,-52.786364,59.599999999999994,2,1
1748023102.447555,47.807877500000004,-52.78636383333333,59.599999999999994,2,1
1748023102.6834571,47.807879166666666,-52.78636383333333,59.599999999999994,2,1
1748023102.8592257,47.807881,-52.78636366666667,59.599999999999994,2,1
1748023103.0506163,47.80788283333333,-52.78636366666667,59.5,2,1
1748023103.2494833,47.80788483333333,-52.78636383333333,59.5,2,1
1748023103.4437149,47.807886833333335,-52.786364,59.5,2,1
1748023103.6546893,47.807889,-52.786364166666665,59.5,2,1
1748023103.8631978,47.807891166666664,-52.786364666666664,59.5,2,1
1748023104.0531404,47.8078935,-52.78636516666667,59.5,2,1
1748023104.2455564,47.80789583333333,-52.78636566666667,59.5,2,1
1748023104.4535878,47.807898,-52.78636633333333,59.599999999999994,2,1
1748023104.6898887,47.807900333333336,-52.78636683333333,59.599999999999994,2,1
1748023104.8553286,47.80790266666666,-52.78636733333333,59.7,2,1
1748023105.0582125,47.80790483333333,-52.78636783333334,59.7,2,1
1748023105.2469842,47.807907,-52.78636816666667,59.8,2,1
1748023105.4643981,47.80790916666667,-52.7863685,59.8,2,1
1748023105.6529179,47.80791133333334,-52.78636866666667,59.900000000000006,2,1
1748023105.8530507,47.8079135,-52.786368833333334,59.900000000000006,2,1
1748023106.0501351,47.8079155,-52.786369,60.0,2,1
1748023106.2468216,47.8079175,-52.78636933333333,60.099999999999994,2,1
1748023106.4560204,47.8079195,-52.786369666666666,60.099999999999994,2,1
1748023106.6855903,47.8079215,-52.78637,60.2,2,1
1748023106.8616073,47.8079235,-52.78637033333333,60.3,2,1
1748023107.040585,47.80792566666667,-52.786370833333336,60.400000000000006,2,1
1748023107.257771,47.8079275,-52.78637116666667,60.400000000000006,2,1
1748023107.4499676,47.807929666666666,-52.78637166666667,60.5,2,1
1748023107.6640968,47.80793166666667,-52.786372166666666,60.599999999999994,2,1
1748023107.8575068,47.80793366666666,-52.78637283333333,60.7,2,1
1748023108.0528047,47.8079355,-52.78637366666667,60.8,2,1
1748023108.2493246,47.8079375,-52.786374333333335,60.900000000000006,2,1
1748023108.4476008,47.8079395,-52.786375166666666,61.0,2,1
1748023108.7140174,47.80794133333333,-52.786376,61.099999999999994,2,1
1748023108.848422,47.80794316666667,-52.786376833333335,61.2,2,1
1748023109.0488052,47.807945,-52.78637783333333,61.2,2,1
1748023109.248812,47.80794683333333,-52.78637883333333,61.3,2,1
1748023109.4455261,47.80794866666667,-52.78638,61.400000000000006,2,1
1748023109.6525497,47.80795033333333,-52.786381166666665,61.400000000000006,2,1
1748023109.8525796,47.807952,-52.786382333333336,61.5,2,1
1748023110.0490525,47.807953499999996,-52.7863835,61.5,2,1
1748023110.2484365,47.807955166666666,-52.78638483333334,61.599999999999994,2,1
1748023110.4548547,47.80795666666667,-52.786386,61.7,2,1
1748023110.69101,47.807958,-52.78638733333333,61.7,2,1
1748023110.853675,47.8079595,-52.7863885,61.8,2,1
1748023111.0463417,47.80796083333333,-52.786389666666665,61.8,2,1
1748023111.243666,47.807962,-52.7863905,61.900000000000006,2,1
1748023111.4484627,47.80796333333333,-52.786391333333334,61.900000000000006,2,1
1748023111.6525042,47.80796433333333,-52.786392166666666,61.900000000000006,2,1
1748023111.853894,47.8079655,-52.78639283333333,61.900000000000006,2,1
1748023112.049326,47.8079665,-52.786393333333336,61.900000000000006,2,1
1748023112.2503064,47.80796733333333,-52.78639366666667,61.900000000000006,2,1
1748023112.4453232,47.807968333333335,-52.786394,61.900000000000006,2,1
1748023112.6842496,47.807969166666666,-52.786394,62.0,2,1
1748023112.8578901,47.807970166666664,-52.786394,62.0,2,1
1748023113.0485525,47.807971,-52.786393833333335,62.0,2,1
1748023113.2455297,47.807972,-52.78639366666667,62.0,2,1
1748023113.450604,47.80797283333333,-52.7863935,62.0,2,1
1748023113.6491594,47.807973833333335,-52.786393333333336,62.0,2,1
1748023113.860296,47.80797483333333,-52.78639316666667,62.0,2,1
1748023114.0493524,47.80797583333333,-52.786393,62.0,2,1
1748023114.2382972,47.807976833333335,-52.786392666666664,62.0,2,1
1748023114.4442673,47.80797783333333,-52.7863925,62.0,2,1
1748023114.6877954,47.80797866666666,-52.78639233333333,62.0,2,1
1748023114.8599153,47.80797966666667,-52.786392166666666,62.0,2,1
1748023115.0451553,47.807980666666666,-52.786392166666666,62.0,2,1
1748023115.2488601,47.807981833333336,-52.786392,62.0,2,1
1748023115.4540062,47.807982833333334,-52.786392,62.0,2,1
1748023115.6607761,47.807984,-52.786392,61.900000000000006,2,1
1748023115.8541446,47.80798516666667,-52.786392,61.900000000000006,2,1
1748023116.044142,47.80798633333333,-52.786392,61.900000000000006,2,1
1748023116.2454991,47.8079875,-52.786392166666666,61.900000000000006,2,1
1748023116.4460928,47.80798866666667,-52.78639233333333,61.900000000000006,2,1
1748023116.6832995,47.80798983333333,-52.7863925,61.900000000000006,2,1
1748023116.8539467,47.807991,-52.7863925,61.900000000000006,2,1
1748023117.0505064,47.80799233333333,-52.786392666666664,61.900000000000006,2,1
1748023117.2472389,47.8079935,-52.786393,61.900000000000006,2,1
1748023117.448827,47.80799483333333,-52.78639316666667,61.900000000000006,2,1
1748023117.6611614,47.80799616666667,-52.7863935,61.900000000000006,2,1
1748023117.8527563,47.8079975,-52.78639366666667,61.900000000000006,2,1
1748023118.0483458,47.807999,-52.78639416666667,61.900000000000006,2,1
1748023118.248681,47.8080005,-52.7863945,61.900000000000006,2,1
1748023118.5164628,47.808002,-52.78639483333333,61.900000000000006,2,1
1748023118.7174072,47.808003666666664,-52.78639533333333,61.900000000000006,2,1
1748023118.8666801,47.80800516666667,-52.78639583333333,61.900000000000006,2,1
1748023119.0484645,47.80800683333333,-52.786396333333336,61.900000000000006,2,1
1748023119.2482946,47.8080085,-52.786396833333335,61.900000000000006,2,1
1748023119.4507086,47.80801,-52.78639733333333,61.900000000000006,2,1
1748023119.6555672,47.808011666666665,-52.78639783333333,61.900000000000006,2,1
1748023119.8582036,47.808013333333335,-52.7863985,61.900000000000006,2,1
1748023120.0509336,47.808015166666664,-52.786399,61.900000000000006,2,1
1748023120.2463853,47.80801683333333,-52.7863995,61.900000000000006,2,1
1748023120.45659,47.8080185,-52.7864,61.900000000000006,2,1
1748023120.6843433,47.80802033333333,-52.7864005,61.900000000000006,2,1
1748023120.8561263,47.808022,-52.786401,61.900000000000006,2,1
1748023121.0466597,47.80802383333334,-52.78640166666667,61.900000000000006,2,1
1748023121.2467985,47.8080255,-52.786402333333335,61.900000000000006,2,1
1748023121.4397185,47.808027333333335,-52.786403,61.900000000000006,2,1
1748023121.6502872,47.808029166666664,-52.786403666666665,61.8,2,1
1748023121.8579888,47.808031,-52.7864045,61.8,2,1
1748023122.049383,47.808032833333336,-52.786405333333335,61.8,2,1
1748023122.2552526,47.808034666666664,-52.786406166666666,61.8,2,1
1748023122.4515598,47.8080365,-52.78640683333333,61.8,2,1
1748023122.681479,47.80803816666667,-52.786407833333335,61.8,2,1
1748023122.8564572,47.80804,-52.78640866666667,61.8,2,1
1748023123.0471475,47.808041833333334,-52.7864095,61.900000000000006,2,1
1748023123.2413018,47.80804366666667,-52.7864105,61.900000000000006,2,1
1748023123.445857,47.8080455,-52.786411333333334,61.900000000000006,2,1
1748023123.6527183,47.808047333333334,-52.786412166666665,61.900000000000006,2,1
1748023123.854835,47.80804916666666,-52.78641316666667,61.900000000000006,2,1
1748023124.0551856,47.808051166666665,-52.786414,61.900000000000006,2,1
1748023124.2603736,47.80805316666667,-52.786414666666666,61.900000000000006,2,1
1748023124.446658,47.808055,-52.7864155,61.900000000000006,2,1
1748023124.6827738,47.808057,-52.786416333333335,61.900000000000006,2,1
1748023124.863322,47.808058833333334,-52.786417166666666,62.0,2,1
1748023125.0391095,47.808060833333336,-52.786418,62.0,2,1
1748023125.248933,47.80806283333333,-52.78641866666667,62.0,2,1
1748023125.4513016,47.80806466666667,-52.7864195,62.099999999999994,2,1
1748023125.675182,47.80806666666667,-52.786420166666666,62.099999999999994,2,1
1748023125.8712645,47.808068666666664,-52.78642083333333,62.099999999999994,2,1
1748023126.0565817,47.80807083333333,-52.78642166666667,62.2,2,1
1748023126.251348,47.808072833333334,-52.786422333333334,62.2,2,1
1748023126.4526532,47.808074833333336,-52.786423,62.2,2,1
1748023126.6862457,47.80807683333333,-52.786423666666664,62.2,2,1
1748023126.850938,47.808079,-52.786424333333336,62.2,2,1
1748023127.0527947,47.808081,-52.786425,62.3,2,1
1748023127.2465885,47.80808283333333,-52.78642583333333,62.3,2,1
1748023127.445856,47.80808483333333,-52.7864265,62.3,2,1
1748023127.6511774,47.808086833333334,-52.78642716666667,62.3,2,1
1748023127.8604314,47.808088833333336,-52.786427833333335,62.400000000000006,2,1
1748023128.0511672,47.80809083333333,-52.7864285,62.3,2,1
1748023128.2486231,47.80809283333333,-52.786429166666665,62.3,2,1
1748023128.4504185,47.80809466666667,-52.78642983333334,62.400000000000006,2,1
1748023128.673642,47.808096666666664,-52.7864305,62.400000000000006,2,1
1748023128.8556287,47.808098666666666,-52.78643116666667,62.400000000000006,2,1
1748023129.0498095,47.8081005,-52.786432,62.400000000000006,2,1
1748023129.253924,47.8081025,-52.78643266666667,62.400000000000006,2,1
1748023129.4490368,47.8081045,-52.7864335,62.400000000000006,2,1
1748023129.6561959,47.808106333333335,-52.786434166666666,62.400000000000006,2,1
1748023129.8535895,47.80810833333334,-52.78643483333333,62.400000000000006,2,1
1748023130.0532503,47.80811033333333,-52.78643566666667,62.400000000000006,2,1
1748023130.282267,47.808112333333334,-52.7864365,62.400000000000006,2,1
1748023130.4414804,47.80811416666667,-52.786437166666666,62.400000000000006,2,1
1748023130.6809113,47.808116166666665,-52.786438,62.400000000000006,2,1
1748023130.8532243,47.80811833333333,-52.786438833333335,62.400000000000006,2,1
1748023131.0466318,47.808120333333335,-52.786439666666666,62.400000000000006,2,1
1748023131.246468,47.8081225,-52.7864405,62.400000000000006,2,1
1748023131.4494379,47.808124666666664,-52.78644116666667,62.400000000000006,2,1
1748023131.6620162,47.80812683333333,-52.786442,62.5,2,1
1748023131.8524287,47.80812916666667,-52.78644283333333,62.5,2,1
1748023132.0509062,47.808131333333336,-52.7864435,62.599999999999994,2,1
1748023132.2432866,47.80813366666667,-52.786444333333336,62.599999999999994,2,1
1748023132.447135,47.808136,-52.786445,62.599999999999994,2,1
1748023132.6793349,47.80813833333333,-52.786445666666665,62.599999999999994,2,1
1748023132.8561473,47.80814066666667,-52.78644633333333,62.599999999999994,2,1
1748023133.045157,47.808143,-52.78644716666667,62.599999999999994,2,1
1748023133.245135,47.808145333333336,-52.786447833333334,62.599999999999994,2,1
1748023133.4470375,47.80814766666667,-52.786448666666665,62.599999999999994,2,1
1748023133.6509395,47.80815,-52.7864495,62.599999999999994,2,1
1748023133.8564086,47.8081525,-52.786450333333335,62.599999999999994,2,1
1748023134.0505123,47.80815483333333,-52.786451166666666,62.599999999999994,2,1
1748023134.2472787,47.808157333333334,-52.78645183333333,62.599999999999994,2,1
1748023134.447512,47.808159833333335,-52.78645266666667,62.599999999999994,2,1
1748023134.6770756,47.808162333333335,-52.786453333333334,62.599999999999994,2,1
1748023134.8535388,47.808164833333336,-52.786454166666665,62.599999999999994,2,1
1748023135.0536492,47.80816733333333,-52.786455,62.599999999999994,2,1
1748023135.2455797,47.80817,-52.78645566666667,62.599999999999994,2,1
1748023135.4463487,47.8081725,-52.7864565,62.599999999999994,2,1
1748023135.6567736,47.808175,-52.78645733333333,62.599999999999994,2,1
1748023135.8484461,47.8081775,-52.78645816666667,62.599999999999994,2,1
1748023136.046615,47.80818,-52.786458833333334,62.599999999999994,2,1
1748023136.2494786,47.8081825,-52.786459666666666,62.599999999999994,2,1
1748023136.454662,47.808185,-52.7864605,62.599999999999994,2,1
1748023136.6940928,47.8081875,-52.78646116666667,62.7,2,1
1748023136.8628044,47.80819,-52.786462,62.7,2,1
1748023137.0508215,47.8081925,-52.786462666666665,62.7,2,1
1748023137.2463157,47.808195166666664,-52.786463499999996,62.7,2,1
1748023137.4489498,47.808197666666665,-52.7864645,62.7,2,1
1748023137.6488464,47.80820033333333,-52.78646533333333,62.7,2,1
1748023137.8570428,47.808203,-52.78646633333334,62.7,2,1
1748023138.0492485,47.808205666666666,-52.7864675,62.7,2,1
1748023138.248036,47.80820833333333,-52.7864685,62.7,2,1
1748023138.4563932,47.808211166666666,-52.7864695,62.7,2,1
1748023138.684285,47.80821383333333,-52.786470666666666,62.7,2,1
1748023138.8561342,47.808216333333334,-52.786471666666664,62.7,2,1
1748023139.046216,47.808219,-52.78647266666667,62.7,2,1
1748023139.2466283,47.80822166666667,-52.786473666666666,62.7,2,1
1748023139.4434695,47.80822416666667,-52.78647466666666,62.7,2,1
1748023139.6530328,47.80822666666667,-52.78647566666667,62.7,2,1
1748023139.8567662,47.80822916666666,-52.786476666666665,62.7,2,1
1748023140.0482998,47.80823183333333,-52.78647766666667,62.7,2,1
1748023140.2482283,47.80823433333333,-52.78647866666667,62.7,2,1
1748023140.4476936,47.808237,-52.78647983333333,62.7,2,1
1748023140.677754,47.8082395,-52.786480833333336,62.7,2,1
1748023140.8534102,47.808242166666666,-52.786482,62.7,2,1
1748023141.0492747,47.80824466666667,-52.786483,62.7,2,1
1748023141.24012,47.808247333333334,-52.786484,62.599999999999994,2,1
1748023141.4490192,47.80825,-52.786485166666665,62.599999999999994,2,1
1748023141.6543262,47.8082525,-52.786486333333336,62.599999999999994,2,1
1748023141.8524277,47.808255,-52.78648733333333,62.599999999999994,2,1
1748023142.0485475,47.8082575,-52.7864885,62.599999999999994,2,1
1748023142.246941,47.80825983333333,-52.7864895,62.599999999999994,2,1
1748023142.4507487,47.808262166666665,-52.786490666666666,62.599999999999994,2,1
1748023142.6826463,47.808264333333334,-52.78649166666667,62.599999999999994,2,1
1748023142.861982,47.8082665,-52.786492833333334,62.599999999999994,2,1
1748023143.0474055,47.80826866666666,-52.786494,62.599999999999994,2,1
1748023143.2559264,47.80827083333333,-52.786495,62.599999999999994,2,1
1748023143.455162,47.808273,-52.786496,62.599999999999994,2,1
1748023143.6528625,47.80827516666667,-52.78649716666666,62.599999999999994,2,1
1748023143.858106,47.808277333333336,-52.786498333333334,62.599999999999994,2,1
1748023144.0470061,47.80827933333333,-52.78649933333333,62.599999999999994,2,1
1748023144.2440913,47.8082815,-52.786500333333336,62.599999999999994,2,1
1748023144.4514034,47.8082835,-52.786501333333334,62.599999999999994,2,1
1748023144.6763082,47.8082855,-52.78650233333333,62.599999999999994,2,1
1748023144.8485022,47.80828733333333,-52.786503333333336,62.599999999999994,2,1
1748023145.052255,47.80828916666667,-52.78650416666667,62.599999999999994,2,1
1748023145.2525947,47.80829083333333,-52.786505166666664,62.599999999999994,2,1
1748023145.446416,47.8082925,-52.786506,62.599999999999994,2,1
1748023145.6515958,47.808294,-52.786506833333334,62.599999999999994,2,1
1748023145.8551977,47.8082955,-52.786507666666665,62.599999999999994,2,1
1748023146.0473258,47.808297,-52.7865085,62.599999999999994,2,1
1748023146.2583113,47.80829833333333,-52.786509333333335,62.599999999999994,2,1
1748023146.451177,47.80829966666667,-52.78651,62.599999999999994,2,1
1748023146.695337,47.808301,-52.786510666666665,62.599999999999994,2,1
1748023146.8533654,47.808302166666664,-52.78651133333334,62.599999999999994,2,1
1748023147.047028,47.808303333333335,-52.786512,62.599999999999994,2,1
1748023147.247324,47.80830433333333,-52.78651266666667,62.599999999999994,2,1
1748023147.4476051,47.8083055,-52.78651333333333,62.599999999999994,2,1
1748023147.6522672,47.8083065,-52.786514,62.599999999999994,2,1
1748023147.852095,47.8083075,-52.78651466666667,62.599999999999994,2,1
1748023148.0510414,47.8083085,-52.78651516666667,62.5,2,1
1748023148.251996,47.8083095,-52.78651583333333,62.5,2,1
1748023148.4472432,47.8083105,-52.78651633333333,62.5,2,1
1748023148.6847136,47.8083115,-52.786517,62.5,2,1
1748023148.8585353,47.8083125,-52.7865175,62.5,2,1
1748023149.0490859,47.8083135,-52.78651816666667,62.5,2,1
1748023149.2500126,47.808314333333335,-52.786518666666666,62.5,2,1
1748023149.4649508,47.80831533333333,-52.786519166666665,62.5,2,1
1748023149.7057693,47.80831633333333,-52.78651966666666,62.5,2,1
1748023149.8593001,47.80831716666667,-52.78652016666667,62.5,2,1
1748023150.0512466,47.808318166666666,-52.78652066666667,62.5,2,1
1748023150.2453122,47.808319,-52.78652116666667,62.5,2,1
1748023150.4562523,47.80832,-52.786521666666665,62.5,2,1
1748023150.6924183,47.80832083333333,-52.786522,62.5,2,1
1748023150.855623,47.80832183333333,-52.7865225,62.5,2,1
1748023151.0473442,47.80832266666667,-52.786522833333336,62.400000000000006,2,1
1748023151.249246,47.808323666666666,-52.786523333333335,62.5,2,1
1748023151.4481058,47.808324666666664,-52.78652366666667,62.5,2,1
1748023151.6537566,47.8083255,-52.786524166666666,62.5,2,1
1748023151.853573,47.8083265,-52.7865245,62.5,2,1
1748023152.0450988,47.8083275,-52.786525,62.400000000000006,2,1
1748023152.254898,47.8083285,-52.78652533333333,62.400000000000006,2,1
1748023152.4485831,47.80832933333333,-52.78652566666667,62.400000000000006,2,1
1748023152.6797502,47.80833033333333,-52.786526,62.400000000000006,2,1
1748023152.8652349,47.80833116666667,-52.78652616666667,62.400000000000006,2,1
1748023153.053418,47.808332,-52.78652616666667,62.400000000000006,2,1
1748023153.2485304,47.80833283333333,-52.786526333333335,62.400000000000006,2,1
1748023153.4500818,47.808333833333336,-52.786526333333335,62.400000000000006,2,1
1748023153.6527717,47.80833483333333,-52.78652616666667,62.400000000000006,2,1
1748023153.846134,47.80833583333333,-52.786526,62.400000000000006,2,1
1748023154.0549407,47.808336833333335,-52.786525833333336,62.400000000000006,2,1
1748023154.2573829,47.808338,-52.7865255,62.400000000000006,2,1
1748023154.4483101,47.808339333333336,-52.786525,62.400000000000006,2,1
1748023154.681147,47.8083405,-52.786524666666665,62.3,2,1
1748023154.8510158,47.808342,-52.786524,62.400000000000006,2,1
1748023155.0459068,47.80834333333333,-52.7865235,62.400000000000006,2,1
1748023155.2446735,47.80834483333334,-52.786522833333336,62.400000000000006,2,1
1748023155.4463348,47.8083465,-52.786522166666664,62.400000000000006,2,1
1748023155.6449332,47.80834816666667,-52.78652133333333,62.400000000000006,2,1
1748023155.8559194,47.80835,-52.7865205,62.400000000000006,2,1
1748023156.062064,47.80835183333333,-52.7865195,62.400000000000006,2,1
1748023156.2484462,47.808354,-52.7865185,62.400000000000006,2,1
1748023156.4533138,47.808356,-52.7865175,62.400000000000006,2,1
1748023156.6867487,47.80835833333333,-52.78651633333333,62.400000000000006,2,1
1748023156.8491766,47.808360666666665,-52.786515333333334,62.400000000000006,2,1
1748023157.0493703,47.808363166666666,-52.78651416666666,62.400000000000006,2,1
1748023157.2546704,47.80836566666667,-52.786513,62.400000000000006,2,1
1748023157.43845,47.808368333333334,-52.78651166666667,62.400000000000006,2,1
1748023157.6571112,47.808371,-52.7865105,62.400000000000006,2,1
1748023157.8500464,47.808373833333334,-52.78650916666667,62.400000000000006,2,1
1748023158.0461557,47.808376833333334,-52.786508,62.400000000000006,2,1
1748023158.2472374,47.80838,-52.78650666666667,62.400000000000006,2,1
1748023158.4548743,47.808383166666665,-52.78650533333333,62.400000000000006,2,1
1748023158.6738477,47.8083865,-52.786504,62.5,2,1
1748023158.8562832,47.80838983333334,-52.78650283333333,62.5,2,1
1748023159.0470278,47.808393333333335,-52.786501666666666,62.5,2,1
1748023159.2401102,47.80839666666667,-52.786500333333336,62.5,2,1
1748023159.4645054,47.808400166666665,-52.786499166666665,62.5,2,1
1748023159.6535168,47.80840383333334,-52.786498,62.5,2,1
1748023159.854439,47.808407333333335,-52.78649683333333,62.5,2,1
1748023160.0458653,47.80841083333333,-52.78649566666667,62.5,2,1
1748023160.244822,47.8084145,-52.7864945,62.5,2,1
1748023160.4528127,47.808418,-52.7864935,62.5,2,1
1748023160.6800406,47.80842166666667,-52.7864925,62.5,2,1
1748023160.8608947,47.808425166666666,-52.7864915,62.5,2,1
1748023161.0487423,47.80842883333333,-52.7864905,62.599999999999994,2,1
1748023161.244191,47.8084325,-52.78648966666667,62.599999999999994,2,1
1748023161.4522572,47.80843616666667,-52.78648866666666,62.599999999999994,2,1
1748023161.6505537,47.80844,-52.786487666666666,62.599999999999994,2,1
1748023161.8643706,47.808443833333335,-52.7864865,62.599999999999994,2,1
1748023162.0472965,47.8084475,-52.7864855,62.7,2,1
1748023162.278026,47.80845133333333,-52.786484333333334,62.7,2,1
1748023162.4855044,47.80845516666667,-52.78648316666666,62.7,2,1
1748023162.6798007,47.808459,-52.786482166666666,62.7,2,1
1748023162.889899,47.808463,-52.78648116666667,62.7,2,1
1748023163.0821352,47.808466833333334,-52.786480166666664,62.7,2,1
1748023163.275273,47.80847083333333,-52.78647933333333,62.8,2,1
1748023163.4801252,47.808474833333335,-52.786478333333335,62.8,2,1
1748023163.7082849,47.80847883333333,-52.7864775,62.8,2,1
1748023163.881901,47.808482833333336,-52.78647683333333,62.8,2,1
1748023164.0821712,47.80848683333333,-52.78647616666667,62.8,2,1
1748023164.2855701,47.80849083333333,-52.7864755,62.8,2,1
1748023164.481694,47.808494833333334,-52.786475,62.8,2,1
1748023164.675443,47.808498666666665,-52.7864745,62.8,2,1
1748023164.893405,47.8085025,-52.786474166666665,62.8,2,1
1748023165.076803,47.8085065,-52.78647383333333,62.8,2,1
1748023165.2825084,47.80851033333333,-52.786473666666666,62.8,2,1
1748023165.480901,47.80851416666667,-52.7864735,62.8,2,1
1748023165.6870544,47.808518,-52.7864735,62.8,2,1
1748023165.879281,47.80852183333333,-52.7864735,62.8,2,1
1748023166.085308,47.80852566666667,-52.7864735,62.8,2,1
1748023166.276186,47.8085295,-52.786473666666666,62.8,2,1
1748023166.4627419,47.80853333333334,-52.78647383333333,62.8,2,1
1748023166.6817765,47.80853716666667,-52.786474,62.8,2,1
1748023166.895818,47.80854083333333,-52.78647433333333,62.8,2,1
1748023167.0803797,47.80854466666667,-52.78647466666666,62.8,2,1
1748023167.2797046,47.80854816666667,-52.786475,62.8,2,1
1748023167.4742956,47.80855183333333,-52.7864755,62.8,2,1
1748023167.687384,47.8085555,-52.78647616666667,62.8,2,1
1748023167.8885505,47.808559,-52.786476666666665,62.8,2,1
1748023168.085789,47.8085625,-52.78647733333333,62.8,2,1
1748023168.2735534,47.80856583333333,-52.786478,62.8,2,1
1748023168.476371,47.80856933333333,-52.78647866666667,62.8,2,1
1748023168.682568,47.8085725,-52.7864795,62.7,2,1
1748023168.893652,47.80857566666667,-52.78648033333333,62.7,2,1
1748023169.1135182,47.808578833333335,-52.786481333333334,62.7,2,1
1748023169.2775676,47.808581833333335,-52.78648233333333,62.7,2,1
1748023169.4809594,47.808584833333335,-52.7864835,62.7,2,1
1748023169.6785297,47.80858766666667,-52.7864845,62.7,2,1
1748023169.8828437,47.8085905,-52.786485666666664,62.7,2,1
1748023170.06973,47.80859316666667,-52.786486833333335,62.7,2,1
1748023170.2921772,47.808595833333335,-52.786488,62.7,2,1
1748023170.4786038,47.808598333333336,-52.78648916666667,62.7,2,1
1748023170.6824386,47.80860066666666,-52.78649033333333,62.7,2,1
1748023170.8923118,47.808603,-52.7864915,62.7,2,1
1748023171.0762641,47.80860533333333,-52.78649266666667,62.7,2,1
1748023171.2769918,47.8086075,-52.786494,62.7,2,1
1748023171.4841468,47.80860966666667,-52.78649516666667,62.7,2,1
1748023171.679979,47.80861183333333,-52.7864965,62.7,2,1
1748023171.8788137,47.80861383333333,-52.786497833333335,62.7,2,1
1748023172.076773,47.808615833333334,-52.786499,62.7,2,1
1748023172.2801504,47.80861783333334,-52.786500333333336,62.7,2,1
1748023172.4766915,47.808619666666665,-52.7865015,62.7,2,1
1748023172.6832633,47.8086215,-52.786502666666664,62.7,2,1
1748023172.8943322,47.80862333333334,-52.786504,62.7,2,1
1748023173.076404,47.808625166666666,-52.786505,62.7,2,1
1748023173.2755125,47.808627,-52.78650616666667,62.7,2,1
1748023173.4929907,47.808628666666664,-52.78650716666667,62.7,2,1
1748023173.682594,47.8086305,-52.786508166666664,62.7,2,1
1748023173.8833642,47.808632,-52.78650916666667,62.7,2,1
1748023174.092374,47.808633666666665,-52.78651,62.7,2,1
1748023174.2810278,47.808635333333335,-52.78651083333333,62.7,2,1
1748023174.483089,47.808637,-52.7865115,62.7,2,1
1748023174.6791005,47.80863866666667,-52.786512333333334,62.7,2,1
1748023174.8943338,47.80864033333334,-52.786513166666666,62.7,2,1
1748023175.0767148,47.808642,-52.78651416666666,62.7,2,1
1748023175.285171,47.80864366666667,-52.7865155,62.7,2,1
1748023175.4671867,47.80864533333333,-52.786516666666664,62.7,2,1
1748023175.6805303,47.808647,-52.78651816666667,62.7,2,1
1748023175.8860013,47.8086485,-52.78651983333334,62.7,2,1
1748023176.096415,47.808650166666666,-52.7865215,62.7,2,1
1748023176.2848113,47.80865166666667,-52.7865235,62.7,2,1
1748023176.4783525,47.808653166666666,-52.78652533333333,62.7,2,1
1748023176.678922,47.80865466666667,-52.78652733333333,62.7,2,1
1748023176.8947217,47.808656166666665,-52.7865295,62.7,2,1
1748023177.0941637,47.8086575,-52.78653166666667,62.599999999999994,2,1
1748023177.2717538,47.80865883333333,-52.78653383333334,62.599999999999994,2,1
1748023177.4836376,47.80866,-52.786536,62.599999999999994,2,1
1748023177.6799073,47.80866116666667,-52.78653833333333,62.599999999999994,2,1
1748023177.8901603,47.808662166666664,-52.7865405,62.599999999999994,2,1
1748023178.0804126,47.80866316666667,-52.78654266666667,62.599999999999994,2,1
1748023178.2760057,47.80866416666667,-52.78654483333333,62.599999999999994,2,1
1748023178.478794,47.80866483333333,-52.786547,62.599999999999994,2,1
1748023178.6841369,47.80866533333333,-52.78654916666667,62.599999999999994,2,1
1748023178.8916333,47.808665833333336,-52.786551333333335,62.599999999999994,2,1
1748023179.0674446,47.80866616666667,-52.7865535,62.599999999999994,2,1
1748023179.2839224,47.8086665,-52.786555666666665,62.599999999999994,2,1
1748023179.4748518,47.808666833333334,-52.78655766666667,62.599999999999994,2,1
1748023179.6782596,47.808667,-52.786559833333335,62.599999999999994,2,1
1748023179.8893385,47.808667,-52.78656183333333,62.7,2,1
1748023180.078057,47.808667166666666,-52.78656383333333,62.7,2,1
1748023180.2806616,47.808667166666666,-52.786565833333334,62.7,2,1
1748023180.4889657,47.808667,-52.78656766666667,62.7,2,1
1748023180.6866677,47.808667,-52.786569666666665,62.7,2,1
1748023180.8912947,47.808667,-52.786571333333335,62.7,2,1
1748023181.0816634,47.808666833333334,-52.78657316666666,62.7,2,1
1748023181.2851977,47.808666833333334,-52.78657483333333,62.7,2,1
1748023181.4820368,47.808666833333334,-52.7865765,62.7,2,1
1748023181.6862977,47.808666833333334,-52.786578,62.7,2,1
1748023181.8935125,47.808666833333334,-52.78657966666667,62.7,2,1
1748023182.0777814,47.80866666666667,-52.786581166666664,62.7,2,1
1748023182.2750845,47.80866666666667,-52.786582833333334,62.7,2,1
1748023182.4786358,47.80866666666667,-52.78658433333333,62.599999999999994,2,1
1748023182.6726894,47.80866666666667,-52.78658583333333,62.599999999999994,2,1
1748023182.9020839,47.80866666666667,-52.7865875,62.599999999999994,2,1
1748023183.0844085,47.8086665,-52.78658883333333,62.599999999999994,2,1
1748023183.2871723,47.8086665,-52.7865905,62.599999999999994,2,1
1748023183.4802763,47.80866666666667,-52.786592,62.599999999999994,2,1
1748023183.6823254,47.80866666666667,-52.7865935,62.599999999999994,2,1
1748023183.880412,47.80866666666667,-52.786595,62.599999999999994,2,1
1748023184.0836973,47.808666833333334,-52.78659666666667,62.599999999999994,2,1
1748023184.2762446,47.808667,-52.78659833333333,62.599999999999994,2,1
1748023184.466134,47.80866733333333,-52.7866,62.599999999999994,2,1
1748023184.6777105,47.8086675,-52.78660166666667,62.599999999999994,2,1
1748023184.8960125,47.80866783333333,-52.78660333333333,62.599999999999994,2,1
1748023185.1032407,47.80866816666666,-52.786605,62.599999999999994,2,1
1748023185.2816222,47.8086685,-52.786606666666664,62.599999999999994,2,1
1748023185.4745612,47.808668833333336,-52.7866085,62.599999999999994,2,1
1748023185.6814122,47.80866916666667,-52.78661016666667,62.599999999999994,2,1
1748023185.8852286,47.80866966666667,-52.786612,62.599999999999994,2,1
1748023186.0806756,47.80867,-52.78661366666667,62.599999999999994,2,1
1748023186.2645576,47.8086705,-52.7866155,62.599999999999994,2,1
1748023186.485999,47.808671,-52.78661733333333,62.599999999999994,2,1
1748023186.6813335,47.808671333333336,-52.786619,62.599999999999994,2,1
1748023186.8921812,47.808671833333335,-52.78662083333333,62.599999999999994,2,1
1748023187.087489,47.808672333333334,-52.78662283333333,62.599999999999994,2,1
1748023187.2970445,47.808672666666666,-52.786624833333335,62.599999999999994,2,1
1748023187.4802706,47.808673166666665,-52.786627,62.599999999999994,2,1
1748023187.6851876,47.8086735,-52.786629166666664,62.599999999999994,2,1
1748023187.8876722,47.80867383333333,-52.78663133333333,62.7,2,1
1748023188.0711784,47.808674,-52.78663366666667,62.7,2,1
1748023188.2812142,47.80867416666667,-52.786636,62.7,2,1
1748023188.5022283,47.808674333333336,-52.786638333333336,62.7,2,1
1748023188.6845155,47.80867416666667,-52.7866405,62.7,2,1
1748023188.9048796,47.808674,-52.786642666666665,62.7,2,1
1748023189.085832,47.808673666666664,-52.7866445,62.7,2,1
1748023189.2776723,47.808673166666665,-52.7866465,62.7,2,1
1748023189.4884965,47.808672666666666,-52.786648166666666,62.7,2,1
1748023189.6897323,47.808671833333335,-52.786649833333335,62.7,2,1
1748023189.8784685,47.80867116666667,-52.78665133333333,62.7,2,1
1748023190.0855377,47.808670166666666,-52.78665266666667,62.7,2,1
1748023190.2891338,47.80866916666667,-52.786653666666666,62.7,2,1
1748023190.4810715,47.80866816666666,-52.7866545,62.7,2,1
1748023190.6831834,47.808667,-52.78665516666667,62.7,2,1
1748023190.894906,47.808665833333336,-52.78665566666667,62.7,2,1
1748023191.0723472,47.8086645,-52.786656,62.7,2,1
1748023191.2882724,47.80866316666667,-52.78665633333333,62.7,2,1
1748023191.4895892,47.808661666666666,-52.78665633333333,62.7,2,1
1748023191.6779552,47.80866016666667,-52.78665616666667,62.7,2,1
1748023191.8874228,47.8086585,-52.786655833333334,62.7,2,1
1748023192.0970964,47.80865683333333,-52.7866555,62.7,2,1
1748023192.280675,47.80865516666667,-52.78665483333333,62.7,2,1
1748023192.4795475,47.8086535,-52.786654,62.7,2,1
1748023192.6884532,47.808651833333336,-52.78665316666667,62.7,2,1
1748023192.9059422,47.80865,-52.786652333333336,62.7,2,1
1748023193.078976,47.808648166666664,-52.7866515,62.7,2,1
1748023193.2836766,47.80864616666667,-52.78665066666667,62.7,2,1
1748023193.4627552,47.80864433333333,-52.786649833333335,62.7,2,1
1748023193.6835616,47.8086425,-52.786648666666665,62.7,2,1
1748023193.883223,47.80864066666667,-52.78664783333333,62.7,2,1
1748023194.0773342,47.80863866666667,-52.786647,62.7,2,1
1748023194.2850254,47.80863683333333,-52.786646,62.7,2,1
1748023194.4785588,47.808635,-52.78664533333333,62.7,2,1
1748023194.6872895,47.808633,-52.786644333333335,62.7,2,1
1748023194.9025733,47.80863133333333,-52.78664333333333,62.7,2,1
1748023195.0789223,47.80862966666667,-52.7866425,62.7,2,1
1748023195.2661128,47.808628,-52.7866415,62.7,2,1
1748023195.483498,47.808626333333336,-52.78664033333333,62.7,2,1
1748023195.6809015,47.80862466666667,-52.78663916666667,62.7,2,1
1748023195.8879123,47.80862316666666,-52.78663816666667,62.7,2,1
1748023196.085801,47.8086215,-52.786637166666665,62.7,2,1
1748023196.2735515,47.80862,-52.7866365,62.7,2,1
1748023196.4885616,47.8086185,-52.786635833333335,62.7,2,1
1748023196.6956384,47.808617166666664,-52.78663533333334,62.7,2,1
1748023196.8955579,47.808615833333334,-52.78663516666667,62.7,2,1
1748023197.075415,47.8086145,-52.78663483333333,62.7,2,1
1748023197.2758207,47.808613333333334,-52.786634666666664,62.7,2,1
1748023197.480035,47.808612333333336,-52.7866345,62.7,2,1
1748023197.6920538,47.80861133333333,-52.7866345,62.7,2,1
